iso,name_2,avg_density
AFG,Baharak,1.4111057649100294
AFG,Darwaz,1.215727908266645
